Fixed Cost, Fixed OM cost
1623186.399,21753.09238
666821.2034,28779.52137
1110500,37500
3415000,103500
434537.234,0
186085.1064,23372.34043
