Fixed Cost, Fixed OM cost
576500,12500
1045500,28779.52137
1110500,22500
928500,22000
186085.1064,23372.34043
434537.234,0
